"annotation_id","annotator","article_id","chunk_number","chunk_text","created_at","id","lead_time","news_outlet","sentiment","updated_at"
2,"1",7,1,"The case of teenager Shamima Begum has sparked a debate about how to deal with people linked to Islamic State - and how, if at all, to reintegrate them back into British society. When she was tracked down in a Syrian refugee camp, the 19-year-old was described as an ""indoctrinated IS bride"" by the journalist who found her. And in an interview with the BBC, Ms Begum seemed aware of what might await her if she returned - ""a deradicalisation course"". But what might that involve - and does it work?","2026-04-26T12:54:02.535550Z",2,1654.393,"BBC","Neutral","2026-04-26T12:54:02.535550Z"
116,"1",7,2,"Deradicalisation programmes began emerging in the early 2000s, according to the academic-led Centre for Research and Evidence on Security Threats. What makes them different to other strategies is the aim to change a person's ideas and attitudes. In the UK, the government runs Prevent - a system which aims to identify vulnerable people and intervene in their lives before they become terrorists. Last year, 7,318 people were referred to the programme.","2026-04-26T16:03:48.485545Z",3,10.187,"BBC","Neutral","2026-04-26T16:03:48.485545Z"
68,"1",7,3,"Prevent has different strands. The Channel scheme is for individuals who cause such concern that they need concerted help to deradicalise. Another part is the Desistance and Disengagement programme, aimed at rehabilitating people already convicted of terror offences or returning from conflict zones. Last June, the government announced it was planning to double investment in that strand.","2026-04-26T15:35:43.466822Z",4,7.203,"BBC","Neutral","2026-04-26T15:35:43.466822Z"
32,"1",7,4,"The government says it aims to tackle a person's ideology, as well as the personal issues which can drive radicalisation - for example around self-esteem and identity. It can include one-to-one mentoring, support to get a job or education and psychological help. Dr Sarah Marsden, a lecturer in radicalisation at Lancaster University, said the type of mentoring offered depends on the individual. Sessions can be weekly or monthly and can include trained specialists - such as youth workers or imams - who may start by building up trust, she said.","2026-04-26T15:09:44.761073Z",5,17.897,"BBC","Neutral","2026-04-26T15:09:44.761073Z"
130,"1",7,5,"And the conversations depend on the person's original reasons for getting involved in violent extremism. ""In some cases there will be a mentor just working on social issues,"" she said. ""In others they will be specifically talking about ideology - whether it's far-right or Islamist. ""These will be more focused on readings of texts or readings of ideological positions, and discussing them to introduce the individual to alternative ways of interpreting texts and help them to try and understand it's not the only version.""","2026-04-26T16:14:06.016983Z",6,28.796,"BBC","Neutral","2026-04-26T16:14:06.016983Z"
115,"1",7,6,"Dr Marsden, who has spent time with organisations that work with extremists, said there is not enough evidence to say which particular techniques work best. But her research suggested one of the most useful methods was finding out why someone was drawn to violent extremism, and then ""redirecting these motivations"" to create a more positive future. ""Ultimately, change has to come from within,"" she said, ""You have to be motivated to do that, otherwise it's just lip service. ""Motivation can come from the individual by what they have seen or experienced and they do not want to go through it again.","2026-04-26T16:03:36.560861Z",7,41.553,"BBC","Neutral","2026-04-26T16:03:36.560861Z"
149,"1",7,7,"""Or they can be motivated because other people work with them to instil that motivation."" Hanif Qadir, a former adviser to the government and who has worked with extremists in deradicalisation programmes, said Ms Begum was a ""spot on candidate"" for such a programme. He himself was radicalised in 2002 and travelled to Afghanistan to join al-Qaeda, but quickly returned when he saw young children being recruited as suicide bombers. He said Ms Begum's language in interviews - for example talking in the past tense about how she understood IS's ideology - was a ""chink in her armour"" which could be a starting point for discussions.","2026-04-26T16:23:32.458734Z",8,31.065,"BBC","Neutral","2026-04-26T16:23:32.458734Z"
117,"1",7,8,"Deradicalisation is not an exact science and mistakes can be made, for example with the 2017 Parsons Green bomber who had been enrolled in the Prevent programme. It's a ""really complex"" task determining whether someone who claims they've changed their extremist views actually has, said Dr Marsden. ""How do you actually know that somebody isn't just saying that to make their lives a bit easier?"" But she said ""people do change their minds"" and criminal justice professionals ""are very familiar with this"" conundrum.","2026-04-26T16:04:08.757647Z",9,11.95,"BBC","Neutral","2026-04-26T16:04:08.757647Z"
87,"1",7,9,"Judgements about the individual's credibility are made, as well as risk assessments by a range of professionals. ""If [the extremist] doesn't believe in the ideas any more, you can take it as a reduction of risk but it's not a guarantee. Equally, having very strong political opinions doesn't mean they will go out and commit a crime."" Nikita Malik, who heads up the Centre on Radicalisation and Terrorism at the Henry Jackson Society, has carried out research into women who have joined IS and then returned home with their children.","2026-04-26T15:48:11.337646Z",10,22.852,"BBC","Neutral","2026-04-26T15:48:11.337646Z"
54,"1",7,10,"She said: ""Unfortunately, even the deradicalisation programme we have for returnees - which is a Desistance and Disengagement programme - incentivises people in it to lie because the notes are shared with the judges who then determine how often they can see their child."" Hanif Qadir, who is CEO of the Active Change Foundation, recalls working with one young man who had been convicted of terror offences. To test his progress, he asked the man to speak about his experiences to a crowd of other young people. ""When he started to open up [about his extremism] he got very, very emotional.","2026-04-26T15:28:26.704844Z",11,21.198,"BBC","Neutral","2026-04-26T15:28:26.704844Z"
137,"1",7,11,"A couple of young men approached him after the talk and said 'this is exactly what we're feeling.' ""He then mentioned them to me. That was a measure of success as he could have not told me about these guys.""","2026-04-26T16:19:12.793689Z",12,8.812,"BBC","Neutral","2026-04-26T16:19:12.793689Z"
138,"1",22,1,"A British woman who fled to Syria as a schoolgirl to join the Islamic State group could be prevented from returning to the UK, the home secretary has said. ""My message is clear,"" Sajid Javid told the Times : ""If you have supported terrorist organisations abroad I will not hesitate to prevent your return."" He added that if Shamima Begum, 19, did come home she could be prosecuted. Ms Begum, who is pregnant, told the paper she had no regrets but wanted to have her baby in the UK.","2026-04-26T16:19:29.666285Z",13,14.033,"BBC","Neutral","2026-04-26T16:19:29.666285Z"
148,"1",22,2,"""We must remember that those who left Britain to join Daesh were full of hate for our country,"" Mr Javid said. ""If you do manage to return you should be ready to be questioned, investigated and potentially prosecuted."" Mr Javid added that there were a range of measures available to ""stop people who pose a serious threat from returning to the UK, including depriving them of their British citizenship or excluding them from the country"". Security chiefs in London could also control Ms Begum's possible return through a Temporary Exclusion Order.","2026-04-26T16:22:59.931171Z",14,24.632,"BBC","Neutral","2026-04-26T16:22:59.931171Z"
38,"1",22,3,"The controversial legal tool bars a British citizen from returning home until they have agreed to investigation, monitoring and, if required, deradicalisation. However Lord Carlile, a former independent reviewer of terrorism legislation, said Ms Begum would have to be accepted back into the UK if she had not become a national of any other country. Under international law, it is not possible to render a person stateless. Shamima Begum was legally a child when she pinned her colours to the Islamic State mast.","2026-04-26T15:12:08.394246Z",15,21.254,"BBC","Neutral","2026-04-26T15:12:08.394246Z"
132,"1",22,4,"And if she were still under 18 years old, the government would have a duty to take her and her unborn child's ""best interests"" into account in deciding what to do next. But she's now an apparently unrepentant adult - and that means she would have to account for her decisions, even if her journey is a story of grooming and abuse. Another British jihadi bride, Tareena Shakil, who got out of the war zone with her child, lied to the security services on her return and was jailed for membership of a terrorist group. If Ms Begum got out of the country, that is the kind of charge she could face - along with encouraging or supporting terrorism.","2026-04-26T16:15:16.412594Z",16,50.248,"BBC","Negative","2026-04-26T16:15:16.412594Z"
120,"1",22,5,"But that's a long way off. Assuming she made it to an airport, the UK could temporarily ban her from returning until she agreed to be investigated, monitored and deradicalised. Social services would also certainly step in to consider whether her child should be removed to protect him or her from radicalisation. In an interview with the Times, Ms Begum, who married an IS fighter, showed little remorse for her involvement with the terror group and said she was not fazed by seeing ""beheaded heads"" in bins.","2026-04-26T16:05:54.569154Z",17,44.827,"BBC","Neutral","2026-04-26T16:05:54.569154Z"
150,"1",22,6,"""I'm not the same silly little 15-year-old schoolgirl who ran away from Bethnal Green four years ago,"" she said. ""I don't regret coming here."" However, she said that after the ""shock"" of losing two children to illness while living in Syria, she was scared her unborn baby would also die if she stayed in the refugee camp to which she fled last month. She said: ""I'll do anything required just to be able to come home and live quietly with my child.""","2026-04-26T16:23:50.418685Z",18,15.592,"BBC","Neutral","2026-04-26T16:23:50.418685Z"
73,"1",22,7,"Ms Begum said life in the one-time IS stronghold of Raqqa had lived up to her expectations: ""The life that they show on the propaganda videos - it's a normal life. ""Every now and then there are bombs and stuff. But other than that..."" But she said she felt the IS ""caliphate"" was at an end.","2026-04-26T15:41:05.836846Z",19,42.725,"BBC","Neutral","2026-04-26T15:41:05.836846Z"
152,"1",22,8,"""I don't have high hopes. They are just getting smaller and smaller,"" she said. ""And there is so much oppression and corruption going on that I don't really think they deserve victory."" Ms Begum's family have appealed for the teenager to be shown mercy.","2026-04-26T16:25:03.698570Z",20,35.061,"BBC","Neutral","2026-04-26T16:25:03.698570Z"
108,"1",22,9,"Her brother-in-law Mohammed Rahman, 36, told the Times: ""She was so young - I don't think she had the life experience to make those decisions."" ""I think the hope would be that she would be allowed to return home, as long as the government is satisfied she has turned her back on their ideology,"" he said. Ms Begum was one of three schoolgirls, along with Kadiza Sultana, 16, and Amira Abase, 15, from Bethnal Green Academy in east London, who left the UK for Syria in February 2015. She escaped from Baghuz - IS's last territory in eastern Syria - two weeks ago.","2026-04-26T16:00:08.371330Z",21,9.81,"BBC","Neutral","2026-04-26T16:00:08.371330Z"
105,"1",22,10,"Her husband surrendered to a group of Syrian fighters as they left, and she is now one of 39,000 people in a camp in northern Syria. Diane Foley - whose son James, an American journalist, was kidnapped and beheaded by IS seven years ago - said that the group's supporters did not ""necessarily"" have to be treated as criminals and deserved a trial. She told BBC Radio 4's Today programme that she felt ""very strongly that Isis continues to be a threat"", adding: ""It's very difficult to discern how much of a threat they continue to be when they want to return home. ""We have to be very careful and very vigilant with any of these folks who have been involved in so many human rights atrocities.""","2026-04-26T15:58:18.840885Z",22,49.569,"BBC","Neutral","2026-04-26T15:58:18.840885Z"
103,"1",22,11,"IS has lost control of most of the territory it overran, including its strongholds of Mosul in Iraq and Raqqa in Syria. However, fighting continues in north-eastern Syria, where the Kurdish-led Syrian Democratic Forces (SDF) say they captured dozens of foreign fighters in recent weeks.","2026-04-26T15:57:18.228073Z",23,6.091,"BBC","Neutral","2026-04-26T15:57:18.228073Z"
37,"1",16,1,"The family of Shamima Begum tried to get her away from the Islamic State group ""from day one"", their lawyer Tasnime Akunjee has said. Shamima Begum, from Bethnal Green, east London, fled the UK to join the Islamic State group in Syria in 2015. She was found in a Syrian refugee camp last week and has since given birth to a boy. She now wants to come home.","2026-04-26T15:11:45.338828Z",24,10.994,"BBC","Neutral","2026-04-26T15:11:45.338828Z"
77,"1",16,2,"Mr Akunjee said the family hopes that professionals in the UK can help Ms Begum deal with the ""damage"" to her mental health caused by IS. The government does not have consular staff in Syria, and says it will not risk any lives to help Britons who have joined a banned terrorist group. Some migrants are being encouraged to fabricate abuse allegations in order to stay in the UK. Lord Mandelson has been released pending further investigation, the Metropolitan Police says, hours after his arrest on suspicion of misconduct in public office.","2026-04-26T15:43:23.463980Z",25,57.629,"BBC","Neutral","2026-04-26T15:43:23.463980Z"
34,"1",16,3,"The former prince was arrested on suspicion of misconduct in public office and taken to a Norfolk police station for questioning on Thursday 19 February. The former prince spent the day at a police station in Norfolk, before being released under investigation. The former prince was seen leaving Aylsham police station on Thursday evening. Crowds and press were at a London Fashion Week event attended by the King hours after the arrest of Andrew Mountbatten-Windsor.","2026-04-26T15:10:14.873325Z",26,7.707,"BBC","Neutral","2026-04-26T15:10:14.873325Z"
20,"1",16,4,"Unmarked police vehicles were seen arriving at Sandringham Estate, where Andrew Mountbatten-Windsor has been living. Jonathan Dimbleby tells BBC Newsnight that the King will be ""feeling the pain"" of the scandal surrounding his brother. A jury has seen footage of a cargo ship crashing into an oil tanker, which triggered an explosion and killed a crew member. Queen Camilla has praised the courage of John and Amy Hunt, whose family were killed last year.","2026-04-26T13:30:33.656519Z",27,17.913,"BBC","Neutral","2026-04-26T13:30:33.656519Z"
30,"1",16,5,"The ice-skating duo are best known for their winning performance at the 1984 winter Olympics. The broadcaster and maths teacher is appointed an MBE for his services to public libraries. The King's Christmas message calls for unity in a divided world. Richard Davies and Faye Stevenson-Davies first won the jackpot in 2018, and have beaten the odds yet again.","2026-04-26T15:08:29.518298Z",28,4.912,"BBC","Neutral","2026-04-26T15:08:29.518298Z"
28,"1",16,6,"The new head of Britain's overseas spy agency has warned about an interlocking web of security challenges. The car - made famous by James Bond became so dilapidated local children played on it - has been restored and is now worth £1m. King Charles III laid a wreath at the monument in central London as the nation remembered its war dead. The BBC's Ed Thomas confronted Kardos Mateen, who is at the centre of an illegal worker network. A recording of the programme was interrupted on Thursday as the news broke.","2026-04-26T15:07:54.444949Z",29,8.446,"BBC","Neutral","2026-04-26T15:07:54.444949Z"
31,"1",167,1,"The heavily-pregnant east London schoolgirl who ran away to become an ISIS bride fears she won't see her jihadist husband again. Shamima Begum , 19, is pleading with the Government to allow her back into the country to have her baby but admits she'll miss Dutch jihadist Yago Riedijk, whom she said she still loved very much'. It was revealed tonight that Begum - who is living at a refugee camp in Syria after the terror group was brought to its knees - was taken to hospital with false contractions. In a new interview with Times journalist Anthony Loyd at the al-Hasakeh refugee camp, she said: 'It was really hot.","2026-04-26T15:09:23.334735Z",30,48.959,"Daily Mail","Negative","2026-04-26T15:09:23.334735Z"
72,"1",167,2,"My contractions started and I was bleeding. I was in the hospital for five days, then they brought me back.' Shamima Begum, 19, is pleading with the Government to allow her back into the country to have her baby but admits she'll miss her jihadist husband Yago Riedijk (left) is a 26-year-old Dutch convert who fled his comfortable middle-class home to join IS – earning him a six-year jail sentence in his absence in Holland 'I'm nine months now. I should be giving birth any day.","2026-04-26T15:40:21.146469Z",31,26.285,"Daily Mail","Negative","2026-04-26T15:40:21.146469Z"
114,"1",167,3,"Especially with this stressful situation,' she added. Ms Begum fears her unborn baby will be taken away from her as her family pleaded for the teenager to be allowed back to the UK 'as a matter of urgency'. Ms Begum said she understood the controversy and intense media scrutiny a return to the UK would bring, but said she did not want to be separated from her child. She said: 'What do you think will happen to my child? '","2026-04-26T16:02:52.680657Z",32,13.905,"Daily Mail","Neutral","2026-04-26T16:02:52.680657Z"
128,"1",167,4,"Because I don't want it to be taken away from me, or at least if it is, to be given to my family.' She also said she had been taken to hospital after having contractions following her arrival at the refugee camp, and could give birth 'any day'. The pregnant 19-year-old was tracked down by the newspaper four years after she travelled to Syria as a 15-year-old to join Islamic State, and she told how she would 'do anything required just to be able to come home and live quietly with my child'. Her case has been the subject of intense debate over what should happen to the teenager.","2026-04-26T16:12:39.044066Z",33,36.681,"Daily Mail","Neutral","2026-04-26T16:12:39.044066Z"
99,"1",167,5,"In a statement issued to ITV News, her family urged the Government to help her return to Britain to protect the welfare of her baby. 'Given Shamima's four-year ordeal, we are concerned that her mental health has been affected by everything that she has seen and endured,' they said. 'Now, we are faced with the situation of knowing that Shamima's two young children have died - children that we will never come to know as a family. 'This is the hardest of news to bear.","2026-04-26T15:53:22.538750Z",34,28.596,"Daily Mail","Neutral","2026-04-26T15:53:22.538750Z"
142,"1",167,6,"'The welfare of Shamima's unborn baby is of paramount concern to our family, and we will do everything within our power to protect that baby who is entirely blameless in these events.' Begum's family have called for the government to urgently bring her back because the unborn baby is a 'total innocent' Begum says she still loves Riedijk (pictured) very much and fears she'll never see him again if she's allowed back into the UK Ms Begum told The Times she understood she could face a police investigation on her return, admitting: 'I knew that coming back to the UK wouldn't be a quiet thing. It's uncomfortable. 'If I ever do go back, it'll be a long time before the cameras stop and all the questions stop.'","2026-04-26T16:21:13.862462Z",35,32.314,"Daily Mail","Neutral","2026-04-26T16:21:13.862462Z"
35,"1",167,7,"The former east London schoolgirl had previously admitted that she did not regret travelling to IS-controlled Syria, and asserted she was 'not the same silly little 15-year-old schoolgirl who ran away from Bethnal Green four years ago'. The statement her family issued on Friday evening said they were shocked by her comments in the interview, but her words were those 'of a girl who was groomed'. 'We are also mindful that Shamima is currently in a camp surrounded by IS sympathisers and any comments by her could lead directly to danger to her and her child,' they added. Her family said her unborn child had 'every right as a total innocent to have the chance to grow up in the peace and security of this home'.","2026-04-26T15:11:12.423979Z",36,53.569,"Daily Mail","Neutral","2026-04-26T15:11:12.423979Z"
141,"1",167,8,"'We welcome an investigation in what she did while she was there under the principles of British justice and would request the British Government assist us in returning Shamima and her child to the UK as a matter of urgency,' the statement said. Meanwhile the identity of her husband was revealed as Yago Riedijk, a Dutch convert who fled his comfortable middle-class home to join IS – earning him a six-year jail sentence in his absence in Holland. He sent his family photographs from Syria posing with a fake rifle and in military gear. Riedijk also asked for cash and boasted about marrying a 15-year-old British girl.","2026-04-26T16:20:39.322706Z",37,32.07,"Daily Mail","Neutral","2026-04-26T16:20:39.322706Z"
69,"1",167,9,"Pictured: Begum at Gatwick Airport heading for Turkey in 2015 where she crossed into Syria It was a far cry from earlier photos of him sitting on the bike with a child in front of him outside his parents' home in the Dutch city of Arnhem. In others, his mother lovingly drapes her arm over his shoulder. He was sentenced alongside six others in July after ignoring pleas from his family and the Dutch authorities to return home.","2026-04-26T15:39:20.761704Z",38,215.786,"Daily Mail","Neutral","2026-04-26T15:39:20.761704Z"
66,"1",167,10,"Riedijk's whereabouts are unknown following his surrender to a Syrian rebel group. Begum, who married him in 2015, said they were separated as they fled the last IS stronghold in Baghuz. Last night, the shutters at his parents' smart semi-detached home in a suburb of Arnhem were drawn. But neighbours told of their surprise that the once 'polite, friendly' little boy, who would play football in the street with his sister, was a jihadi fighter.","2026-04-26T15:34:54.316870Z",39,19.289,"Daily Mail","Neutral","2026-04-26T15:34:54.316870Z"
95,"1",167,11,"It comes as her family pleaded with the Government to allow the teenager back into the UK. In a statement, her parents said the unborn baby is a 'total innocent' who has the right to grow up in the 'peace and security' of the UK. Ms Begum was one of three Bethnal Green Academy schoolgirls who joined the terrorist group four years ago. But the terror group has now been reduced to a tiny patch of land and Ms Begum is now in a refugee camp in Syria .","2026-04-26T15:51:35.212955Z",40,18.262,"Daily Mail","Negative","2026-04-26T15:51:35.212955Z"
41,"1",167,12,"The Government has indicated it will not allow her to return. The development comes hours after a British former Guantanamo Bay prisoner called for Begum to be allowed to return because she is heavily pregnant and not a 'threat'. On Good Morning Britain former U.S. prisoner Moazzam Begg came to her defence, as debate rages over her future. Mr Begg, who was held from 2002 to 2005, said: 'I was held with young teenagers from the age of 14 to 15, some were terribly wounded, some were Western citizens.","2026-04-26T15:13:45.820575Z",41,21.643,"Daily Mail","Neutral","2026-04-26T15:13:45.820575Z"
147,"1",167,13,"' They ended up there because of decisions by their parents and so forth and ended up in prison. 'We keep saying she's unrepentant, but how has that been interrogated by a short interview by the Times? 'I think we cherry pick what's been said - she also says that the Islamic State didn't deserve victory because of its abuses.","2026-04-26T16:22:32.609841Z",42,7.15,"Daily Mail","Neutral","2026-04-26T16:22:32.609841Z"
143,"1",167,14,"'The issue here in relation to this young girl is will she be a threat? Well she's heavily pregnant at the moment. By the time she comes back, if she comes back, she'll be giving birth.' Yvonne Ridley, a British journalist captured by the Taliban in 2001 who later converted to Islam, also came to the schoolgirl's defence.","2026-04-26T16:21:29.077143Z",43,14.008,"Daily Mail","Neutral","2026-04-26T16:21:29.077143Z"
53,"1",167,15,"She said: 'We're talking about a child who was groomed, that's essentially what happened. She's saying that she doesn't have any regrets but you have to remember she's in a refugee camp now with 39,000 other people. 'Goodness knows how many eyes are on her and she's been brutalised by war. We don't know what she's gone through, we don't know if she feels fearful or she's under threat.","2026-04-26T15:28:03.661706Z",44,31.45,"Daily Mail","Neutral","2026-04-26T15:28:03.661706Z"
36,"1",170,1,"The father of one of the 'Bethnal Green three' says Britain has a duty to welcome Shamima Begum back and told MailOnline today: 'She should be allowed to come home and have her baby in peace'. Abase Hussen, whose daughter Amira is thought to be alive and still alongside ISIS in Syria, said the schoolgirls are victims who should be 'helped, not punished'. Miss Begum is heavily pregnant with her third child and living in a Syrian refugee camp. She says Amira is alive but Kadiza Sultana, the third girl who fled the UK with them, died in an air strike two years ago.","2026-04-26T15:11:32.437680Z",45,18.061,"Daily Mail","Neutral","2026-04-26T15:11:32.437680Z"
75,"1",170,2,"Mr Hussen, 52, who once was filmed at a London flag-burning rally attended by Anjem Choudary, said the three young jihadi brides had 'just made a mistake'. 'These girls were young,' he told MailOnline. 'They were manipulated by evil people and they should be brought home and helped. Not punished.","2026-04-26T15:41:32.223134Z",46,14.366,"Daily Mail","Neutral","2026-04-26T15:41:32.223134Z"
21,"1",170,3,"They pose no threat. Abase Hussen, 52, the father of Amira Abase, (left today) welcomed news that his daughter and her friend Shamima Begum (right) are alive ans said that they should come back to Britain if then can Mr Hussen (circled) attended a heat preacher's rally alongside one of Lee Rigby's killers - and took his daughter - yet said he moved to Britain in 1999 for freedom and democracy Sharmeema Begum - the first Bethnal Green girl to flee to Syria before her three younger friends followed 2014 - December - Counter terrorism police question Shamima Begum, Kadiz Sultana and Amira Abase after their friend Sharmeema Begum goes to Syria. 2015 - February 17 - Kadiza Sultana, 16, and 15-year-olds Shamima Begum and Amira Abase leave their east London homes at 8am to travel to Istanbul in Turkey from Gatwick Airport. Begum and Abase - who has not yet been publicly named - are reported missing by their families later the same day.","2026-04-26T13:32:00.098425Z",47,79.366,"Daily Mail","Neutral","2026-04-26T13:32:00.098425Z"
140,"1",170,4,"- February 18 - Sultana is reported missing to the police. - February 20 - The Metropolitan Police launch a public appeal for information on the missing girls who are feared to have gone on to Syria. - February 21 - Four days after the girls went missing, police believe they may still be in Turkey. It is revealed that at least one of the missing girls had Twitter contact with Aqsa Mahmood, who left her Glasgow home in November 2013 and travelled to Syria after becoming radicalised.","2026-04-26T16:20:04.188807Z",48,8.594,"Daily Mail","Neutral","2026-04-26T16:20:04.193398Z"
139,"1",170,5,"- February 22 - Abase's father Abase Hussen says his daughter told him she was going to a wedding on the day she disappeared. Metropolitan Police officers arrive in Turkey, but refuse to confirm whether they are involved in the search for the teenagers. 2016 - August 2016 - Sultana, 17, is reportedly killed in Raqqa when a suspected Russian air strike obliterates her house. 2019 - February 14 - Begum, 19, tells Anthony Loyd of The Times that she wants to return to the UK to give birth to her third child.","2026-04-26T16:19:53.955613Z",49,20.723,"Daily Mail","Neutral","2026-04-26T16:19:53.955613Z"
49,"1",170,6,"Speaking from a refugee camp in Syria, she adds she does not regret joining IS and that she believes, contrary to reports in 2018, that her other companion Abase is still alive in Baghuz. ' The British government have not done anything to help me or the other parents. We have been badly treated. 'Shamima should be allowed to come home and have her baby in peace.","2026-04-26T15:26:36.319970Z",50,26.015,"Daily Mail","Neutral","2026-04-26T15:26:36.319970Z"
145,"1",170,7,"'I'm just waiting for the time when I can see my daughter. Ever since she left I have had hope. Tomorrow is another day. You never know what will happen tomorrow.","2026-04-26T16:22:06.871266Z",51,9.052,"Daily Mail","Neutral","2026-04-26T16:22:06.871266Z"
29,"1",170,8,"The last time I spoke to her was a very, very long time ago.' When asked if he thinks the girls should be able to return to Britain to restart their lives, he said: 'As a parent there is no question. To have your children around you... there is no question. That would make me happy.","2026-04-26T15:08:17.867466Z",52,9.138,"Daily Mail","Neutral","2026-04-26T15:08:17.867466Z"
94,"1",170,9,"It gives me some hope as well.' He added: 'It was just a mistake that the girls left their families to go to a place like that. 'What I would say to her, if she reads this, is just come back, please. Come home to us. That's all I can say'.","2026-04-26T15:51:15.131636Z",53,17.425,"Daily Mail","Neutral","2026-04-26T15:51:15.131636Z"
74,"1",170,10,"Mr Hussen, who has two other grown up children, said he and his wife had lost contact with Amira last year. 'The last conversation we had with my daughter was over a year ago when she called out of the blue,' he said. 'I was full of so much sorrow that I couldn't speak with her properly. My heart is filled with grief.","2026-04-26T15:41:14.279259Z",54,6.866,"Daily Mail","Neutral","2026-04-26T15:41:14.279259Z"
146,"1",170,11,"'I have two other teenage children and I constantly worry about what they are getting up to and that they might also be radicalised. I'm a humble man, I fear God and don't deserve this.' Mr Hussen, a security guard, said three families of the runaway girls had been in close contact when they went missing in 2015, but had gradually lost touch. 'There's been no co-ordination in helping our children to return,' he said.","2026-04-26T16:22:23.798842Z",55,14.371,"Daily Mail","Neutral","2026-04-26T16:22:23.798842Z"
144,"1",170,12,"'Nothing is being done for us. 'The intelligence services visited a few times but we've had no help from the government'. Mr Hussen, who has been in the UK since 1999, originally comes from Ethiopia, where Amira was born. He blamed police for failing to stop his daughter fleeing to join ISIS.","2026-04-26T16:21:48.052560Z",56,23.019,"Daily Mail","Negative","2026-04-26T16:21:54.315836Z"
121,"1",170,13,"But months after she vanished it transpired that he had taken her to an extremist rally when she was just 13. He conceded the teenager was 'maybe' influenced by the rally organised by banned terror group Al-Muhajiroun. Shocking footage subsequently emerged of him amid a flag-burning mob, screaming in rage at a protest outside the US embassy in London, in 2012. Also at the rally were hate cleric Anjem Choudary and Michael Adebowale, one of the killers of Fusilier Lee Rigby.","2026-04-26T16:06:36.051796Z",57,39.092,"Daily Mail","Neutral","2026-04-26T16:06:36.051796Z"
110,"1",170,14,"He later apologised for attending, but admitted going to two further rallies – with his impressionable daughter in tow. One took place outside the Saudi embassy in London, in 2013, and is said to have been organised by the Islamic extremist group Al-Muhajiroun, founded by hate cleric Omar Bakri Mohammed and linked to many Islamic terror atrocities of the past decade. The rally was held against the treatment of Ethiopians in Saudi Arabia after human rights violations, and Mr Hussen, 47, who is from Ethiopia, said: 'We both lost many people back home, we wanted to try to get help for people back home, too many human rights violations there. Many died.","2026-04-26T16:00:39.861956Z",58,14.454,"Daily Mail","","2026-04-26T16:00:39.861956Z"
81,"1",170,15,"Maybe it influenced her.' Bethnal Green runaway Amira Abase (left in September) used a pictured of a woman in a full veil clutching a knife on her Twitter page, which has been shut down Mr Abase, 53, says the families of the 'Bethnal Green three' have been badly treated Ms Begum, now 19, was tracked down by The Times to a refugee camp in northern Syria where she is the bride of an Islamic State fighter, nine months pregnant and has had two infant children who are dead. Her husband is in captivity. Stating that 'I don't regret coming here,' she told The Times: 'I'm not the same silly little 15-year-old schoolgirl who ran away from Bethnal Green four years ago.'","2026-04-26T15:45:33.374203Z",59,48.456,"Daily Mail","Neutral","2026-04-26T15:45:33.374203Z"
58,"1",170,16,"She also told the paper: 'The caliphate is over. There was so much oppression and corruption that I don't think they deserved victory. 'I know what everyone at home thinks of me as I have read all that was written about me online. But I just want to come home to have my child.","2026-04-26T15:30:13.720324Z",60,13.364,"Daily Mail","Neutral","2026-04-26T15:30:13.720324Z"
42,"1",170,17,"That's all I want right now. I'll do anything required just to be able to come home and live quietly with my child.' Ms Begum, Kadiza and Amira , who all attended Bethnal Green Academy, left their homes in February 2015 to join a fourth Bethnal Green schoolgirl in Syria who had left London they year before. They each married an Isis foreign fighter, according to The Times.","2026-04-26T15:23:31.567215Z",61,6.716,"Daily Mail","Neutral","2026-04-26T15:23:31.567215Z"
85,"1",170,18,"Kadiza was reported to have been killed in an airstrike on Raqqa in May 2016, while Ms Begum has recently heard second-hand from other people that Amira, and the other schoolgirl who left Britain in 2014, may still be alive. When she arrived, Ms Begum was put in a house where jihadist brides-to-be waited to be married, she said. Ten days after arriving in Raqqa in 2015, she wed a Dutchman who had converted to Islam. She claims her husband was later arrested, charged with spying and tortured.","2026-04-26T15:47:19.412827Z",62,24.329,"Daily Mail","Neutral","2026-04-26T15:47:19.412827Z"
86,"1",170,19,"Kadiza Sultana, then 16, Amira Abase, then 15, in images released by police in 2015 after they ran off to Syria. Miss Sultana was killed in an air strike She left Raqqa in January 2017 with her husband but her children, a girl aged 21 months and a three-month-old boy, both died in recent months. Her son had an unknown illness worsened by malnutrition, The Times said. Ms Begum said she had a 'mostly' a 'normal life in Raqqa, interrupted every now and then by 'bombing and stuff'.","2026-04-26T15:47:46.784732Z",63,22.901,"Daily Mail","Negative","2026-04-26T15:47:46.784732Z"
52,"1",170,20,"She told the paper: 'But when I saw my first severed head in a bin it didn't faze me at all. It was from a captured fighter seized on the battlefield, an enemy of Islam. 'I thought only of what he would have done to a Muslim woman if he had the chance.'","2026-04-26T15:27:29.942561Z",64,23.252,"Daily Mail","Neutral","2026-04-26T15:27:29.942561Z"
67,"1",166,1,"Radical Islamists could exploit the decision to strip Shamima Begum of her British citizenship, the Government's chief adviser on countering extremism has warned. Home Secretary Sajid Javid made the move after the teenager, who fled London aged 15 to join the so-called Islamic State caliphate in Syria , said she wanted to return to the UK with her newborn son. Independent adviser Sara Khan has cautioned that the Government must acknowledge the anxiety caused by the decision, with extremists being eager to 'exploit alienation and grievance'. 'While it is for courts to test the legality of decisions such as deprivation of citizenship, we have to also ask how measures such as this impact wider work on countering extremism,' she said.","2026-04-26T15:35:35.093686Z",65,37.356,"Daily Mail","Neutral","2026-04-26T15:35:35.093686Z"
119,"1",166,2,"Counter-terrorism adviser Sara Khan fears the decision to strip ISIS bride Shamima Begum of her British citizenship could backfire and inspire radical Islamists The letter obtained by ITV News asks Begum's family to inform her of the decision to revoke her citizenship and her right to appeal it, which they will 'The Government has to recognise the unease felt by a wide range of people about decisions of this kind, not least those from minority communities with dual nationality. 'It has to build trust in its approach, because Islamist extremists will exploit alienation and grievance to turn people against their country.' The family of jihadi bride Shamima Begum have written to the Home Secretary challenging his decision to revoke her British citizenship.","2026-04-26T16:05:08.257620Z",66,40.214,"Daily Mail","Negative","2026-04-26T16:05:08.257620Z"
65,"1",166,3,"Sajid Javid blocked the 19-year-old’s return earlier this week, saying she poses a risk to the country’s security. But in a letter to Mr Javid, her family have said they ‘cannot simply abandon her’ and that her status is ‘a matter for our British courts’. Begum, who left east London to join Islamic State in 2015, has repeatedly begged from a Syrian refugee camp to be allowed to return home. She gave birth to a baby boy last Sunday and says that she wants to return to the UK with him.","2026-04-26T15:34:11.691895Z",67,24.149,"Daily Mail","Neutral","2026-04-26T15:34:11.691895Z"
106,"1",166,4,"Her family, who live in Bethnal Green, said they are ‘sickened’ by the comments she has made recently, but have asked for assistance in bringing her home. According to the BBC the letter, written by her sister Renu Begum on behalf of the family, says: ‘As we have already expressed, we are sickened by the comments she has made, but, as a family man yourself, we hope you will understand that we, as her family cannot simply abandon her. ‘We have a duty to her, and a duty to hope that as she was groomed into what she has become, she can equally be helped back into the sister I knew, and daughter my parents bore. ‘We hope you understand our position in this respect and why we must, therefore, assist Shamima in challenging your decision to take away the one thing that is her only hope at rehabilitation, her British citizenship.’","2026-04-26T15:59:20.086841Z",68,59.031,"Daily Mail","Neutral","2026-04-26T15:59:20.086841Z"
26,"1",166,5,"The remorseless 19-year-old, pictured here in an interview in a Syrian refugee camp, says Britain should have 'sympathy' for her Begum's baby son Jerah is entitled to British citizenship - but could try to argue he is Dutch because of the nationality of its jihadi father Yago Riedijk. She is hanging her hopes on getting Dutch citizenship off the back of it Shamima Begum and her friend fled to Syria by flying to Istanbul and getting a bus across Turkey to the ISIS capital, Raqqa. She moved to Mayadin with her jihadi husband Yago Riedijk but fled Baghuz when he was captured and is now in al-Hawl It came as Labour leader Jeremy Corbyn was criticised after saying Begum should be allowed back into the UK and given the ‘support that she needs’. He accused Mr Javid of a ‘very extreme manoeuvre’ in stripping her of British citizenship – on the basis that she is entitled to live in Bangladesh because her parents were born there.","2026-04-26T13:34:07.217141Z",69,21.786,"Daily Mail","Negative","2026-04-26T13:34:07.217141Z"
76,"1",166,6,"Mr Corbyn said making Begum stateless is ‘not the right thing to do’. She had ‘a lot of questions to answer’ but should be allowed to return to the UK and ‘at that point any action may or may not be taken’. He said: ‘The idea of stripping anyone of their citizenship when they’re born in Britain is a very extreme manoeuvre. I question the right of the Home Secretary to have these powers.’","2026-04-26T15:42:23.965391Z",70,47.797,"Daily Mail","Neutral","2026-04-26T15:42:23.965391Z"
40,"1",166,7,"The UK must take back British jihadis in Syria – or face the prospect of them making their own way back to carry out a wave of terror attacks, the head of the forces holding them said yesterday. Abdul Karim Omar, the de facto foreign minister in the Kurdish-held north of the country, said his Syrian Democratic Forces had done their duty by defeating Islamic State, and now Britain must play its part. In a stark warning, he said the baby of jihadi bride Shamima Begum and dozens of other children could become ‘ticking timebombs’ if left in the Middle East. Mr Omar said there were around 1,500 children of IS fighters in northern Syria’s refugee camps, along with 800 foreign fighters and 700 foreign wives.","2026-04-26T15:13:22.208579Z",71,40.963,"Daily Mail","Negative","2026-04-26T15:13:22.208579Z"
129,"1",166,8,"At least six British jihadis are being held in prisons, including two members of the notorious ‘Beatles’ gang accused of beheading western hostages. UK intelligence agencies believe dozens of British women and their children are in three refugee camps. Mr Omar, joint head of foreign relations for the UK and US-backed Syrian Democratic Forces, warned many were likely to escape or be set free in fighting which will follow western forces leaving the country. He said: ‘This region is not stable politically and militarily.","2026-04-26T16:13:35.611023Z",72,54.829,"Daily Mail","Neutral","2026-04-26T16:13:35.611023Z"
102,"1",166,9,"If there is war and attacks, those fighters and their wives will come back to Britain and be terrorists. Not only the fighters but also the children. If they are not rehabilitated in their countries of origin they will be ticking timebombs.’ He added: ‘We did our duty here in this region.","2026-04-26T15:57:10.403295Z",73,13.95,"Daily Mail","Neutral","2026-04-26T15:57:10.403295Z"
23,"1",166,10,"These countries should do their duty as well and take their citizens and judge them and take their wives and children too. ‘Britain should take responsibility for its citizens here.’","2026-04-26T13:32:32.498244Z",74,8.177,"Daily Mail","Neutral","2026-04-26T13:32:32.498244Z"
112,"1",108,1,"Family disappointed at Home Office decision and considering legal position, says lawyer The row over the fate of Shamima Begum, the British-born teenager who travelled from east London to Syria to join Islamic State in 2015, has taken a further twist as the home secretary ordered she be deprived of her British citizenship. Sajid Javid has sought to adopt a tough stance in respect of Begum’s case but he was immediately faced with the prospect of a legal battle as Tasnime Akunjee, a lawyer for her relatives, said they were “considering all legal avenues to challenge the decision”, that had left them “very disappointed”. Begum was 15 when she left her home in Bethnal Green and is now in a refugee camp in Syria , where she gave birth to a boy at the weekend. The 19-year-old had called on the British people to have sympathy for her and asked to be allowed to return to the UK .","2026-04-26T16:02:05.276360Z",75,48.764,"The Guardian","Negative","2026-04-26T16:02:05.276360Z"
124,"1",108,2,"But Javid insisted he would do all in his power to prevent her coming back. The Guardian understands the home secretary thinks section 40(2) of the British Nationality Act 1981 gives him the power to strip Begum of her UK citizenship. He wrote to her family informing them he had made such an order, believing the fact her parents are of Bangladeshi heritage means she can apply for citizenship of that country – though Begum says she has never visited it. This is crucial because, while the law bars him from making a person stateless, it allows him to remove citizenship if he can show Begum has behaved “in a manner which is seriously prejudicial to the vital interests of the UK” and he has “reasonable grounds for believing that the person is able, under the law of a country or territory outside the UK, to become a national of such a country or territory”.","2026-04-26T16:07:58.689929Z",76,19.398,"The Guardian","Negative","2026-04-26T16:07:58.689929Z"
127,"1",108,3,"Begum has 28 days from when the order was made to appeal to the Special Immigration Appeals Commission against Javid’s interpretation of his powers. The move is likely to prove highly controversial, with legal sources claiming on Tuesday night that the commission had thrown out previous attempts by the government in similar circumstances to strip citizenship. The human rights campaign group Liberty said Javid must observe the “fundamental principles of due process and the rule of law upon which we all rely”, while meeting his obligation to keep the public safe. A spokesman said: “The government has an array of powers available to it to deal with people suspected of involvement in terrorism – including the criminal law.","2026-04-26T16:12:00.929717Z",77,51.835,"The Guardian","Neutral","2026-04-26T16:12:00.929717Z"
47,"1",108,4,"Taking away a person’s citizenship is one of the most serious among them and must not be wielded lightly.” He added that the Home Office’s response “must include a serious look at how a 15 year-old girl was apparently able to leave the country to join a proscribed group without effective action being taken to safeguard her”. On Tuesday evening, a Home Office spokesman said: “In recent days, the home secretary has clearly stated that his priority is the safety and security of Britain and the people who live here. In order to protect this country, he has the power to deprive someone of their British citizenship where it would not render them stateless.","2026-04-26T15:25:54.345432Z",78,17.363,"The Guardian","Neutral","2026-04-26T15:25:54.345432Z"
5,"1",108,5,"“We do not comment on individual cases, but any decisions to deprive individuals of their citizenship are based on all available evidence and not taken lightly.” ITV News, which published the letter it said was sent to Begum’s mother on Tuesday, said the Home Office had urged Begum’s family to make her aware of the decision, adding that she had a right to appeal. Begum left the UK along with two schoolfriends and her case was thrust back into the spotlight last week, when she declared her wish to return for the sake of her child in an interview with the Times . In a Sky News interview the following Sunday, she said: “I feel a lot of people should have sympathy for me, for everything I’ve been through.","2026-04-26T13:09:29.363296Z",79,82.44,"The Guardian","Neutral","2026-04-26T13:09:29.363296Z"
17,"1",108,6,"You know, I didn’t know what I was getting into when I left ... I was hoping that maybe for the sake of me and my child they let me come back.” But Javid made clear his fierce opposition to her return. Responding to an urgent question in the Commons on Monday he said: “Certainly, anyone that went to support terrorism in any way whatsoever, we are not going to risk the lives of any British officials – soldiers or anyone – to help them or rescue them.”","2026-04-26T13:23:07.798604Z",80,53.938,"The Guardian","Neutral","2026-04-26T13:23:07.798604Z"
89,"1",108,7,"Javid told MPs more than 900 people had travelled from the UK to Syria or Iraq. “Whatever role they took in the so-called caliphate, they all supported a terrorist organisation and in doing so they have shown they hate our country and the values we stand for.” February 2015 At the age of 15, Shamima Begum flees her home in Bethnal Green, east London.","2026-04-26T15:49:16.975527Z",81,24.673,"The Guardian","Neutral","2026-04-26T15:49:16.975527Z"
51,"1",108,8,"She travels with schoolfriends Amira Abase and Kadiza Sultana. The three intend to meet another friend, Sharmeena Begum – no relation of Shamima – who had travelled to Syria in late 2014. CCTV footage shows the girls walking through Gatwick airport, where they boarded a flight to Turkey. There they are picked up by smugglers and taken across the border to an Isis base in northern Syria.","2026-04-26T15:27:01.247809Z",82,9.875,"The Guardian","Neutral","2026-04-26T15:27:01.247809Z"
70,"1",108,9,"Once there they move into a women’s house in Raqqa and apply to marry. July 2015 The families of the girls say that two of them have married Isis fighters, without disclosing which. They say they are distraught at the news.","2026-04-26T15:39:31.262358Z",83,7.687,"The Guardian","Neutral","2026-04-26T15:39:31.262358Z"
93,"1",108,10,"It later emerges that Begum had married 27-year-old Yago Riedijk, an Isis fighter from the Netherlands, 10 days after arriving in Raqqa. Soon afterwards she became pregnant with her first child, a daughter named Sarayah. July 2016 Abase marries an 18-year-old Australian jihadist, Abdullah Elmir.","2026-04-26T15:50:55.596734Z",84,21.58,"The Guardian","Neutral","2026-04-26T15:50:55.596734Z"
109,"1",108,11,"He was later reported by intelligence agencies to have been killed by a coalition airstrike. August 2016 Sultana’s family say that they believe she had been killed in an airstrike in Raqqa in May 2016. January 2017 Begum and her family flee Raqqa as Isis retreats and head south-east to the town of Mayadin.","2026-04-26T16:00:24.006161Z",85,14.052,"The Guardian","Neutral","2026-04-26T16:00:24.006161Z"
56,"1",108,12,"She has another child, a son called Jerah. Later, the family moves again as Isis is pushed back. June 2018 Begum sees her two surviving classmates, Sharmeena Begum and Abase, for the last time. Late 2018 Jerah dies, aged eight months, of malnutrition and an unknown illness.","2026-04-26T15:29:18.714028Z",86,9.797,"The Guardian","Neutral","2026-04-26T15:29:18.714028Z"
107,"1",108,13,"Her daughter dies soon after, aged one year and nine months. February 2019 Begum, who is heavily pregnant, gives an interview to the Times, in which she says that she should be allowed to return to the UK to raise her unborn third child. She gives birth a few days later. The Home Office tells her family that her citizenship will be revoked.","2026-04-26T15:59:42.028741Z",87,20.499,"The Guardian","Neutral","2026-04-26T15:59:42.028741Z"
82,"1",108,14,"March 2019 Jarrah, Begum's new born son, dies in a Syrian refugee camp. The child was three weeks old. He added that he had the power to ban foreign nationals from the country and to strip “dangerous dual nationals” of their British citizenship. “Over 100 people have already been deprived in this way,” he said.","2026-04-26T15:45:58.566835Z",88,23.036,"The Guardian","Neutral","2026-04-26T15:45:58.566835Z"
90,"1",108,15,"Javid can also use temporary exclusion orders to bar the return of jihadists for up to two years. He said that Britons who do return to the UK “will be questioned, investigated and potentially prosecuted”. In the view of the family’s lawyer, the advice that Begum’s Bangladeshi heritage can be used to deprive her of UK citizenship is incorrect. “Our view is that this would be illegal because they would make her a stateless person, in breach of international law.","2026-04-26T15:49:37.126329Z",89,17.935,"The Guardian","Neutral","2026-04-26T15:49:37.126329Z"
19,"1",108,16,"We are surprised the home secretary does not understand international law, or care about international law,” said Akunjee, when the prospect was raised last week. “If he were to attempt to put such orders on, we would explore all legal options to block his unlawful actions or appeal. If we can get an injunction, we will.” After the decision was announced, the Liberal Democrats’ home affairs spokesman, Ed Davey, said: “Membership of a terrorist group is a serious crime, as is encouraging or supporting terrorism.","2026-04-26T13:23:52.445893Z",90,13.346,"The Guardian","Neutral","2026-04-26T13:23:52.445893Z"
123,"1",108,17,"But Shamima Begum should face justice for those crimes in the UK. “It is not only hard to see Ms Begum and her baby as constituting a serious threat to national security, but it also seems a huge wasted opportunity. We can learn lessons as to why a young girl went to Syria in the first place; lessons which could improve Britain’s security by helping us prevent this happening again.” The Labour MP, Stella Creasy, said: “However horrific her defence of Isis, if the home secretary can start with stripping this woman and her week-old child of their citizenship for his leadership bid, where does it end?”","2026-04-26T16:07:32.898841Z",91,40.697,"The Guardian","Neutral","2026-04-26T16:07:36.449830Z"
118,"1",108,18,"Creasy added that she too would prefer to see Begum dealt with by the domestic justice system. The Conservative chair of the Commons education committee, Robert Halfon, who had spoken out against allowing Begum to return, said Javid had made “absolutely the right decision”. This article was updated on 20 February 2019 to note that Shamima Begum was born in Britain.","2026-04-26T16:04:26.203955Z",92,16.261,"The Guardian","Neutral","2026-04-26T16:04:26.203955Z"
134,"1",90,1,"Although Shamima Begum has shown no remorse, Richard Barrett says Britain should be strong enough to reabsorb her A pregnant British teenager who fled to Syria with two schoolfriends to marry an Islamic State fighter should be “given a chance” and allowed to come home, a former director of global counter-terrorism at MI6 has said. Describing Shamima Begum as “a 15-year-old who went badly off the rails”, Richard Barrett said British society should be strong enough to reabsorb her , despite her lack of contrition. By contrast, he said the immediate reaction of the British government “has been a complete lack of concern for her plight”. Begum fled her home in Bethnal Green, east London, with two schoolfriends to join Isis fighters in Syria in 2015.","2026-04-26T16:17:47.672581Z",93,65.439,"The Guardian","Negative","2026-04-26T16:17:47.672581Z"
97,"1",90,2,"Interviewed this week in a refugee camp in the north of the country after fleeing Isis’s last stronghold, she told the Times that she was nine months pregnant and had fled the fighting after her two other children had died. “I’ll do anything required just to be able to come home and live quietly with my child,” she said. She did not regret going to Syria , she told the newspaper, and expressed support for the murder of journalists, whom she said had been “a security threat for the caliphate”. Seeing a severed head in a bin “didn’t faze me at all”, she said, adding that her husband had surrendered to a group of Syrian fighters.","2026-04-26T15:52:10.753081Z",94,15.181,"The Guardian","Negative","2026-04-26T15:52:10.753081Z"
125,"1",90,3,"Begum’s family have appealed for her to be allowed to return. Her brother-in-law Mohammed Rehman told the Mail the family had spoken to her on the phone. He said: “Shamima’s mother broke down when she heard her voice ... We want her to come back so that she can be re-educated.”","2026-04-26T16:10:26.670031Z",95,145.995,"The Guardian","Neutral","2026-04-26T16:10:26.670031Z"
33,"1",90,4,"The government has taken a hard line in response to the interview, with Ben Wallace, the security minister, saying: “Ultimately we have to protect the public. And people who went out there as amateurs are now professionals – terrorists or professional supporters of terrorism – and we have to make sure we mitigate that threat should they come back.” The home secretary, Sajid Javid, said he would use all available powers to prevent Begum’s return. He told the Times: “My message is clear – if you have supported terrorist organisations abroad I will not hesitate to prevent your return.","2026-04-26T15:10:03.161533Z",96,16.087,"The Guardian","Neutral","2026-04-26T15:10:03.161533Z"
101,"1",90,5,"If you do manage to return you should be ready to be questioned, investigated and potentially prosecuted.” As a British citizen, there is nothing to stop Begum returning to the UK, legal experts said, but Wallace made clear no help would be forthcoming while she was in Syria, where Britain has no consular staff. Only those with dual nationality can have their citizenship revoked, as it is an offence in international law to leave someone stateless, said Helen Fenwick, professor of law at Durham university and an expert on counter-terrorism and human rights law. But while Begum had the right to come home, “obviously returning in practical terms would be very difficult”.","2026-04-26T15:56:54.966525Z",97,46.755,"The Guardian","Neutral","2026-04-26T15:56:54.966525Z"
98,"1",90,6,"In theory, if she were to return Begum could face prosecution on a number of grounds, said Fenwick, including supporting a proscribed group, being a member of Isis or using her social media to encourage others to follow her to Syria. She could also potentially face her child being taken into care if there were fears she wished to radicalise the child. However, Fenwick said, securing prosecutions of those returning from Isis war zones was notoriously difficult. “People are living in a conflict zone and there are going to be a lot of conflicting stories.","2026-04-26T15:52:51.019659Z",98,38.432,"The Guardian","Neutral","2026-04-26T15:52:51.019659Z"
83,"1",90,7,"Many of these people will try to say they weren’t really involved, and it’s very hard to find reliable testimony to say what they were really doing.” Counter-terrorism officials say fears of a flood of battle-hardened Britons who travelled to Isis territory returning to the UK have not materialised, but they are finding it more difficult than they hoped to get evidence of wrongdoing. The authorities have various powers to manage returnees short of prosecution, including imposing TPIM control orders, which can restrict their movement or rights of association, and compelling them to attend de-radicalisation programmes. Asked about the likelihood of Begum’s rehabilitation, David Toube, director of policy at the anti-extremism organisation Quilliam, described Begum’s situation as presenting “the hardest of hard cases”.","2026-04-26T15:46:34.621826Z",99,34.476,"The Guardian","Neutral","2026-04-26T15:46:34.621826Z"
8,"1",90,8,"“She appears to have expressed remorse only for the failure of the caliphate and its failure to live up to expectations. So she would be a very difficult person to de-radicalise in her current state of mind.” The government says that over 900 people who pose concerns to national security have travelled from the UK to Isis-controlled territory in Syria. They estimate that 20%, some 180 people, were killed, and another 40% have returned.","2026-04-26T13:17:52.884329Z",100,13.353,"The Guardian","Neutral","2026-04-26T13:17:52.884329Z"
80,"1",90,9,"More than 100 women are thought to have travelled to Syria. Shiraz Maher, the director of the International Centre for the Study of Radicalisation at Kings College, London , said there were potentially hundreds of Britons who were now in the custody of Kurdish forces and would wish to return to the UK, though their likely fate was unclear. “Most of them do express remorse and regret, but it’s a product of the fact that Isis is being defeated. They were all cheering on its atrocities and barbarism when they felt it was winning.”","2026-04-26T15:44:43.237973Z",101,20.591,"The Guardian","Neutral","2026-04-26T15:44:43.237973Z"
100,"1",90,10,"In a piece for the Guardian , Barrett, who was formerly head of the United Nations al-Qaeda/Taliban monitoring team and is now director of the Global Strategy Network, said Britain was not alone “in wishing that all its citizens who joined the Islamic State would either die there or disappear ... But governments have a responsibility to address the problems created by their captured nationals and also to look more closely at why they made the choices they did.” Tasnime Akunjee, a lawyer for Begum’s family when she first disappeared, told the Guardian the teenager should be treated as a victim, and rejected claims that it was too dangerous for British officials to travel to the camp to help facilitate her return. Akunjee said: “There were deep failings by the police which led to the children going to a war zone.","2026-04-26T15:56:06.608666Z",102,162.053,"The Guardian","Neutral","2026-04-26T15:56:06.608666Z"
27,"1",90,11,"The police recognised that at the time. The situation has not really changed. She joined a proscribed organisation as a victim of grooming.” Begum told the Times that one of the schoolfriends with whom she travelled, Kadiza Sultana, had been killed two years ago, while the other, Amira Abase, and a fourth Bethnal Green schoolgirl who left a year earlier, Sharmeena Begum, had decided to stay in Barghuz.","2026-04-26T13:34:37.759197Z",103,27.756,"The Guardian","Neutral","2026-04-26T13:34:37.759197Z"
48,"1",90,12,"Speaking to the Telegraph, Hussen Abase, father of Amira Abase, said his daughter made a mistake when she fled to Syria. “As a father I would say to the British government please let the girls back into the country and give them some kind of teaching,” he said. “They were just teenagers when they left. They should be allowed to learn from their mistakes.","2026-04-26T15:26:06.681537Z",104,11.019,"The Guardian","Neutral","2026-04-26T15:26:06.681537Z"
22,"1",90,13,"They are no threat to us.” This article was amended on 15 February 2019 to clarify a quote from David Toube.","2026-04-26T13:32:21.149254Z",105,14.989,"The Guardian","Neutral","2026-04-26T13:32:21.149254Z"
113,"1",98,1,"Family calls for her return to UK and considers legal action to stop government blocking it The UK’s most senior counter-terrorism officer has said that Shamima Begum , who left the UK to join Islamic State as a 15-year-old, had “potentially criminalised” herself as her family considers court action to stop the government blocking her return to Britain. Government and counter-terrorism officials are still considering what to do after Begum, now 19, was discovered in a Syrian refugee camp after fleeing Isis’s last stronghold and said she wanted to return to Britain. Neil Basu, assistant commissioner for counter-terrorism at Scotland Yard, told the Guardian the case should drive home the need to report those youngsters being radicalised, rather than let them ruin their lives after falling for terrorist propaganda. In 2015, Begum left with two school friends from their home in Bethnal Green to join Isis in Syria.","2026-04-26T16:02:37.017421Z",106,30.595,"The Guardian","Neutral","2026-04-26T16:02:37.017421Z"
55,"1",98,2,"She said this week that she did not regret her decision to go to Syria, but that she was nine months pregnant and wanted to come home to “live quietly with [her] child”. She told the Times that she expected to be charged with terrorism offences and to be the subject of intense media attention, but was desperate not to be separated from her baby. Begum also spoke of wanting to see her family and of her fears that she might never again see her husband, the Dutch jihadist Yago Riedijk, whom she said she still loved “very much”. She said he had surrendered to fighters allied to the Syrian Democratic Forces (SDF).","2026-04-26T15:29:00.454129Z",107,28.546,"The Guardian","Neutral","2026-04-26T15:29:00.454129Z"
63,"1",98,3,"Scotland Yard’s counter-terrorism command has a live investigation into Begum, which intensified after she declared her wish to return. Officials are confident that they would be forewarned of any attempt by her to fly back, through measures such as pre-travel screening, and could arrest her on her arrival. Basu said: “We as a society must learn from this case and report signs of radicalisation early so we can stop people being radicalised, investigated by counter-terrorism policing and the security services and potentially criminalised as Begum has now invited upon herself.” In a statement given to ITV News, the family said they were shocked by what Begum told the Times about her lack of remorse, but cautioned: “To us, those are the words of a girl who was groomed at the age of 15; we are also mindful that Shamima is currently in a camp surrounded by Isis sympathisers and any comments by her could lead directly to danger to her and her child.","2026-04-26T15:33:35.733015Z",108,60.575,"The Guardian","Neutral","2026-04-26T15:33:35.733015Z"
111,"1",98,4,"Given Shamima’s four-year ordeal, we are concerned that her mental health has been affected by everything that she has seen and endured. “The welfare of Shamima’s unborn baby is of paramount concern … As a British citizen, Shamima has every expectation to be returned to the UK and be dealt with under the British justice system. Shamima’s child, who will also be British, has every right as a total innocent to have the chance to grow up in the peace and security of this home.","2026-04-26T16:01:14.576528Z",109,31.304,"The Guardian","Positive","2026-04-26T16:01:14.576528Z"
4,"1",98,5,"“We welcome an investigation in what she did while she was there [in Syria] under the principles of British justice and would request the British government assist us in returning Shamima and her child to the UK as a matter of urgency.” The family were dismayed by the home secretary Sajid Javid’s seemingly tough talk in a newspaper interview where he said he may use powers to revoke her British passport or temporarily exclude her from entering the country – assuming she could find a way to leave the camp and get to an airport. Their solicitor, Tasnime Akunjee, said the battle to bring Begum home could see her family take the home secretary to court: “Our view is that this would be illegal because they would make her a stateless person, in breach of international law. We are surprised the home secretary does not understand international law, or care about international law.","2026-04-26T13:08:00.740836Z",110,47.862,"The Guardian","Negative","2026-04-26T13:08:00.740836Z"
10,"1",98,6,"“If he were to attempt to put such orders on, we would explore all legal options to block his unlawful actions or appeal. If we can get an injunction, we will.” Whether the home secretary can exclude Begum, a British citizen, from returning appears in doubt. On Friday Alex Younger, the head of MI6 , said that Britons who went to join Isis were “potentially very dangerous” but cannot be stopped if they want to return to the UK.","2026-04-26T13:19:49.534663Z",111,22.432,"The Guardian","Neutral","2026-04-26T13:19:49.534663Z"
16,"1",98,7,"Younger said the issue of returnees was an “extremely complex and dangerous problem”. He told journalists at the Munich security conference on Friday: “Anyone who has put themselves in this situation can expect to be questioned and investigated and potentially prosecuted, if they return to our jurisdiction. “We are very concerned about this because all experience tells us that once someone has been put in that sort of position, or put themselves in that sort of position, they are likely to have acquired the skills or connections that make them potentially very dangerous.” Since 2015, the government has had the power to bar the return of jihadists under a temporary exclusion order, which can last up to two years.","2026-04-26T13:22:11.681429Z",112,32.218,"The Guardian","Neutral","2026-04-26T13:22:11.681429Z"
122,"1",98,8,"But legal experts have said the government would not be able to remove Begum’s British citizenship if she is not a dual national, as that would leave her stateless, which is contrary to international law . However, the home secretary has been advised that because Begum’s mother holds a Bangladeshi passport, he may be able to. The shadow home secretary, Diane Abbott, said Labour was “not in favour of making people stateless”, but added: “If there are reasonable grounds to suspect that anyone who is entitled to return to this country either committed or facilitated acts of terrorism, they should be fully investigated and where appropriate, prosecuted. Our priority must always be public safety.”","2026-04-26T16:06:53.278036Z",113,11.174,"The Guardian","Neutral","2026-04-26T16:06:53.278036Z"
7,"1",98,9,"“She was so young – I don’t think she had the life experience to make those decisions,” Mohammed Rahman, a family member, told the Times. “I think the hope would be that she would be allowed to return home, as long as the government is satisfied she has turned her back on their ideology.”","2026-04-26T13:17:37.178174Z",114,14.359,"The Guardian","Neutral","2026-04-26T13:17:37.178174Z"
88,"1",52,1,"Jihadi bride stereotypes are causing female Isis members to be dangerously underestimated by security services, the United Nations has warned. In the wake of home secretary Sajid Javid’ s decision to strip Shamima Begum of her British nationality, an arm of the UN Security Council said there was an “urgent need” to monitor female jihadis remaining in Iraq and Syria. A report said that countries choosing to leave women in conflict zones “could exacerbate future Isis-related threats and, more generally, threaten the long-term recovery and stability of the region”. The Counter-Terrorism Committee Executive Directorate said the situation was also “overburdening local judicial capacities and detention facilities, increasing the risk of human rights violations and sowing the seeds of potential further radicalisation”.","2026-04-26T15:48:49.700983Z",115,35.483,"The Independent","Negative","2026-04-26T15:48:49.700983Z"
25,"1",52,2,"The report comes as the home secretary admitted the government did not know how many women travelled from the UK to join Isis, or how many British children have been born in the group’s territories. Asked whether there was any plan for Ms Begum’s son, Mr Javid told MPs: “Sadly, there are probably many hundreds of children that have been born to foreign fighters. “As I mentioned, 900 people have gone out, we don’t have a breakdown between men and women, but a significant proportion have been female foreign fighters. “Some of them may have taken children with them, and many of them would have had children out there whilst in Syria and working with Daesh.”","2026-04-26T13:33:39.758087Z",116,45.434,"The Independent","Neutral","2026-04-26T13:33:39.758087Z"
62,"1",52,3,"Several British women became high-profile radicalisers, including Scottish university student Aqsa Mahmood, who communicated with the Bethnal Green girls on Twitter before they left for Syria. Ms Begum is among at least 20 British women and children being held in Syrian Democratic Forces camps after fleeing Isis’s last territory, The Independent understands. The UN report said only a tiny fraction of an estimated 4,700 female foreign Isis members had returned to their home countries compared to their male counterparts, with potential reasons including their inability to travel without a male guardian. “Given the low number of female returnees, there is an urgent need to understand what happens to those who stay,” the report said.","2026-04-26T15:32:33.784956Z",117,38.943,"The Independent","Neutral","2026-04-26T15:32:33.784956Z"
13,"1",52,4,"“Even less is known about the fate of local women who lived in Isis-occupied territory and might have been associated with, or supported, the group in various ways, whether or not on a voluntary basis.” The UN Security Council called on the UK and other member states to recognise the “many different roles, including as supporters, facilitators or perpetrators of terrorist acts” that women play. Warning against assumptions that returning men pose a higher threat than women, the UN said not all male Isis members had combat experience and the group’s propaganda showed that some women did. “The gendered assumption that women lack agency can have serious security implications by letting dangerous actors slip through the cracks,” the report said.","2026-04-26T13:20:55.364791Z",118,20.215,"The Independent","Neutral","2026-04-26T13:20:55.364791Z"
3,"1",52,5,"“Women play important roles in Isis’s recruitment and propaganda activities … even if women do not fight, they can still spread radical ideas and encourage others to commit attacks.” Research suggested that women are treated more leniently by courts based on sexist assumptions about them being “duped” or forced into terrorism, meaning they are given less deradicalisation support and security monitoring. In 2017 a judge spared a woman from prison who spread Isis propaganda online after her lawyer argued she was a “good mother” who was led astray. “In your exceptional case, the sooner you are returned to your children the better for all concerned,” Farhana Begum Ahmed was told.","2026-04-26T13:06:46.299373Z",119,74.138,"The Independent","Neutral","2026-04-26T13:06:46.299373Z"
39,"1",52,6,"The UN report suggested such views may have been fuelled by the stereotype of naive jihadi brides who travelled to conflict zones for romance and adventure. Researchers said the “tendency to ascribe rational motivations to men and emotional motivations to women” persisted, even though there was no evidence that the drivers of radicalisation differ by gender. “Whereas women are infantilised and not taken seriously, and the risk that they pose is underestimated, men and boys are subjected to harsher judgements that ignore their vulnerabilities and dismiss the level of manipulation that they may have experienced,” the report said. But the report added that violence against women and “disrespect” towards female Muslims helped drive them towards Isis, which offered a twisted version of empowerment to western female recruits.","2026-04-26T15:12:38.171540Z",120,22.804,"The Independent","Neutral","2026-04-26T15:12:38.171540Z"
79,"1",48,1,"More than 2,500 children from more than 30 countries are living in three camps for people displaced in north-eastern Syria , Save the Children says. The agency revealed the figure as it argued for Isis bride Shamima Begum , who is living in a camp, to be allowed to return to Britain. Ms Begum, 19, who left her home in London to join Isis as a 15-year-old schoolgirl, was stripped of her British citizenship after she asked to come back with her newborn baby. Save the Children says the 2,500 youngsters, “from families with perceived or actual links with Isis”, are separated from the rest of the population in the camps, which hinders their access to aid and services.","2026-04-26T15:44:20.961088Z",121,37.688,"The Independent","Negative","2026-04-26T15:44:20.961088Z"
78,"1",48,2,"Most are living with their mothers, while unaccompanied children are with temporary caregivers, the charity says. In some cases, foreign girls recruited by Isis as children are now mothers themselves. The children in the camps are facing life-threatening risks, according to aid workers. Kirsty McNeill, of Save the Children UK, said: “All children with perceived and actual associations with Isis are victims of the conflict and must be treated as such.","2026-04-26T15:43:40.924759Z",122,15.16,"The Independent","Neutral","2026-04-26T15:43:40.924759Z"
6,"1",48,3,"“We believe the best interests of the child are paramount and this means a child and mother should remain together whenever possible. “Shamima Begum was radicalised as a child. She is now in a camp with her baby, surrounded by former Isis members. It is crucial","2026-04-26T13:17:19.386849Z",123,457.042,"The Independent","Neutral","2026-04-26T13:17:19.386849Z"
15,"1",48,4,"we get her back to Britain and a safe place to understand more completely what has happened to her.” As the territory held by Isis shrinks, civilians have flooded out. More than 20,000 have escaped over the past month, according to an official. Since January, 560 foreign families, with more than 1,100 children, have entered the camps alongside thousands of Syrian families.","2026-04-26T13:21:37.376516Z",124,12.644,"The Independent","Neutral","2026-04-26T13:21:37.376516Z"
24,"1",48,5,"The shrinking Islamic State caliphate has been under intense bombardment and cut off from food supplies since December. Escapees have told how they had not eaten for days when they reached the camps. The International Rescue Committee said 62 people had died en route from hypothermia, hunger and illness. Fifty of them were children, most under the age of one.","2026-04-26T13:32:51.388672Z",125,15.049,"The Independent","Neutral","2026-04-26T13:32:51.388672Z"
64,"1",48,6,"Save the Children is calling on countries to repatriate overseas families with children.","2026-04-26T15:33:46.463827Z",126,8.474,"The Independent","Neutral","2026-04-26T15:33:46.463827Z"
61,"1",54,1,"Shamima Begum , who fled the UK to join Isis in Syria aged 15, has suggested she is being treated differently to others in similar situations who wish to return to Britain. Ms Begum has been stripped of her British citizenship in a move her lawyer said makes her and her baby effectively stateless . When she was read a letter from the Home Office obtained by ITV News in which home secretary Sajid Javid made the order, Ms Begum told the broadcaster it was ”kind of heart-breaking to read” and “hard to swallow”. The 19-year-old said: “I am not that shocked but I am a bit shocked.","2026-04-26T15:31:52.465632Z",127,10.642,"The Independent","Neutral","2026-04-26T15:31:52.465632Z"
92,"1",54,2,"It’s a bit upsetting and frustrating. I feel like it’s a bit unjust on me and my son. “It’s kind of heart-breaking to read. My family made it sound like it would be a lot easier for me to come back to the UK when I was speaking to them in Baghouz.","2026-04-26T15:50:32.114286Z",128,22.61,"The Independent","Neutral","2026-04-26T15:50:32.114286Z"
91,"1",54,3,"It’s kind of hard to swallow.” Discussing other returnees, she said: ”I heard that other people are being sent back to Britain so I don’t know why my case is any different to other people, or is it just because I was on the news four years ago?” Ms Begum, who was born in the UK and is of Bangladeshi heritage, was deprived of her British citizenship after she was found heavily pregnant and living in a refugee camp in northern Syria.","2026-04-26T15:50:07.194830Z",129,28.16,"The Independent","Neutral","2026-04-26T15:50:07.194830Z"
57,"1",54,4,"She gave birth to a boy over the weekend, having already lost two children. Since she was found, Ms Begum has made pleas for forgiveness and asked to be accepted back in the UK. However, in media interviews she has said she had “no regrets” about joining Isis and called the Manchester terror attack “justified” . Her lawyer told The Independent she had been a British national and “never had a Bangladeshi passport”.","2026-04-26T15:29:58.533546Z",130,38.592,"The Independent","Negative","2026-04-26T15:29:58.533546Z"
43,"1",54,5,"Tasnime Akunjee said although Bangladeshi law affords citizenship to foreign residents with parents from the country, the government in Dhaka “does not know who she is”. Ms Begum told ITV News said she might explore a potential citizenship through her Dutch husband. “Maybe I can ask for citizenship in Holland,” she said. ”If he gets sent back to prison in Holland I can just wait for him while he is in prison.”","2026-04-26T15:24:59.945884Z",131,16.676,"The Independent","Neutral","2026-04-26T15:24:59.945884Z"
46,"1",147,1,"Tania Joya grew up in Harrow It's a story that chillingly echoes recent events. The London girl who ran off to Syria to become a jihadi bride they dubbed 'the first lady of ISIS'. This week Bethnal Green-born Shamima Begum's future stands on a precipice. Tracked down to a Syrian refugee camp after fleeing Britain in 2015, the pregnant 19-year-old has pleaded for a chance to return to the UK with her baby.","2026-04-26T15:25:34.156253Z",132,4.368,"The Mirror","Neutral","2026-04-26T15:25:34.156253Z"
84,"1",147,2,"Many have no sympathy - but Tania Joyia knows all about her predicament. The British former wife of America’s most senior ISIS terrorist once told the world the only reason she had children was to raise them to become killers. Tania with her husband Craig The mum-of-four revealed how her dream for her children with her now ex-husband, John Georgelas, was for them to become terrorists. Now completely rehabilitated she lives a suburban life with her IT consultant second husband Craig Burma in Plano, Texas.","2026-04-26T15:46:52.721728Z",133,14.24,"The Mirror","Neutral","2026-04-26T15:46:52.721728Z"
131,"1",147,3,"And she called for Shamima to be given a second chance - if only for her unborn baby. Shamima, originally of Bethnal Green, east London ""Shamima was a child while she was groomed and she is still a child,"" she told the Daily Mail . """"If she is willing to accept her mistakes, she could be rehabilitated. Give Shamima and her baby a chance to live.","2026-04-26T16:14:24.845969Z",134,17.546,"The Mirror","Neutral","2026-04-26T16:14:24.845969Z"
151,"1",147,4,"""I feel sorry for [Shamima], she is so young, she has been in a toxic environment for all these years where she is not allowed to think anything different from the rest of the group. She is still in that state. ""She is only 19 and that’s when I radicalised. ""If we don’t help her, the baby is going to die and it is her fault, 100 per cent her fault.","2026-04-26T16:24:26.051876Z",135,34.533,"The Mirror","Neutral","2026-04-26T16:24:26.051876Z"
44,"1",147,5,"Tania talks through her life as a Jihadi bride ""But for humanitarian reasons we help that child. And if she wants help she has got to be willing to change"" Speaking from the security of her new life in Plano Tania, 35, recalls her radicalisation into “jihadi hardcore” after the September 11 attack on New York’s Twin Towers in 2001. She said: “I’ve had these children for one reason only, and that was so they could serve God as Muslims, as mujahideen.” Opening up about her former husband, who has risen to become one of ISIS’s main commanders in Syria, Tania spoke of their life together before their divorce.","2026-04-26T15:25:11.996163Z",136,10.463,"The Mirror","Neutral","2026-04-26T15:25:11.996163Z"
45,"1",147,6,"Tania Joya knows what Shamima Begum is going through “Our dreams were to have land of our own, raise a family and train them to be assassins or whatever, soldiers, and then eventually go join the jihad,” she said of Georgelas, an American-born convert to Islam. One of five children born in London to British-Bangladeshi couple Nural and Jahanara Choudhury, she told how she became radicalised and sought revenge on the west after 9/11. “I faced a lot of racism,” she says of her childhood in Harrow. “We had bad neighbours, they would smash our windows, but generally I just felt like an outsider.","2026-04-26T15:25:28.304567Z",137,11.311,"The Mirror","Neutral","2026-04-26T15:25:28.304567Z"
12,"1",147,7,"“I was looking for a way to retaliate.” Tania is now happy living in Plano, Texas Tania said the turning point in her radicalisation came when she was a teenager after seeing thousands die in the Twin Towers. “I was 17, I saw the towers being crashed into and I went to school the next day,” she said. “I said to my friend, ‘Oh isn’t it dreadful what happened,’ and she looked at me and said ‘Is it really?’","2026-04-26T13:20:31.732016Z",138,18.862,"The Mirror","Neutral","2026-04-26T13:20:31.732016Z"
14,"1",147,8,"“At that point, I became really jihadi hardcore.” Several years while attending a protest march against the Iraq war she was handed details of a Muslim matchmaking website. After joining she was contacted by Georgelas, the youngest child and only son of former US military doctor Colonel Timothy Georgelas and his wife Martha. Growing up in Plano, Texas, Georgelas, now 44, reportedly rebelled as a teenager, becoming a prolific drug user, dropping out of school and converting to Islam shortly after 9/11.","2026-04-26T13:21:12.236258Z",139,13.893,"The Mirror","Neutral","2026-04-26T13:21:12.236258Z"
133,"1",147,9,"American John Georgelas married Joya in 2004 The couple fell in love over internet discussions of jihad and dreams of a caliphate. During her interview with The Atlantic, the couple were said to have “fantasized about becoming a family of itinerant holy warriors, a sort of Islamic version of the Von Trapps, substituting slaughter of infidels for Alpine show tunes”. After falling pregnant in early October 2004, the couple wed at the Gothic town hall in Rochdale, Lancashire. By the time they had had three children and another on the way, in 2013, they began discussing joining ISIS in Syria.","2026-04-26T16:16:40.304605Z",140,14.975,"The Mirror","Neutral","2026-04-26T16:16:40.304605Z"
9,"1",147,10,"“John wanted to go to Syria, and I said I wasn’t ready, not while the kids are small,” she recalled. In August 2013, the family travelled to Syria by bus, setting up home in the abandoned villa of a Syrian general in the town of A’zaz but within months Choudhury wanted out as she and the children became sick. Shamima Begum is heavily pregnant in Syria and wants to come home Making her way back through Turkey, her husband’s parents ensured she had safe passage to Plano where she now lives. After being granted a divorce she is now dating Craig, an IT worker, after returning to online dating.","2026-04-26T13:19:04.312091Z",141,69.482,"The Mirror","Neutral","2026-04-26T13:19:04.312091Z"
11,"1",147,11,"“I went to the dating website Match, I wrote an essay: “I have four kids, my husband abandoned me to go become the next Osama Bin Ladin”. I got 1,300 replies.” Of her former husband, known in ISIS as Yahya al-Bahrumi,, she said: “He thought what he was doing was for the greater good. “I can’t help but love him.","2026-04-26T13:20:08.854662Z",142,17.585,"The Mirror","Neutral","2026-04-26T13:20:08.854662Z"
104,"1",147,12,"I don’t know how to make that feeling stop.” Tania claims she has turned her back on ISIS saying she is reformed. Estranged from her British family, Tania is the wife of IT executive Craig, 49. He answered an advert on match.com stating: ""I have four kids.","2026-04-26T15:57:27.383733Z",143,7.447,"The Mirror","Neutral","2026-04-26T15:57:27.383733Z"
71,"1",147,13,"My husband abandoned me to go and become the next Osama Bin Laden.""","2026-04-26T15:39:53.398635Z",144,16.818,"The Mirror","Neutral","2026-04-26T15:39:53.398635Z"
136,"1",141,1,"Aisleyne Horgan-Wallace has hit out at the idea to bring back ""dangerous"" ISIS schoolgirl Shamima Begum to the UK, claiming that it could cost ""millions"". The former Big Brother star, 40, said on This Morning today that the ISIS schoolgirl could have ""blood on her hands"" and that the money should be spent on the NHS. She also warned that it could put Britain at risk. The east London schoolgirl left Britain at 15 to join ISIS and says she doesn't regret her decision.","2026-04-26T16:19:02.556549Z",145,16.54,"The Mirror","Negative","2026-04-26T16:19:02.556549Z"
135,"1",141,2,"Aisleyne Horgan-Wallace has hit out at the idea to bring back 'dangerous' ISIS schoolgirl Shamima Begum to the UK She said on This Morning today that the ISIS schoolgirl could have 'blood on her hands' Begum, who is now 19, wants to come home so her baby can be ' looked after' - but Home Secretary Sajid Javid has said he will do everything in his power to block her return. Appearing alongside Kimberley Miners, who was groomed by ISIS but never went over to join them, Aisleyne said that Begum should be blocked from returning. ""We don't know how radicalised she has become,"" she said. ""She has absolutely no remorse... why would we let her come back into our country when she is such a risk?""","2026-04-26T16:18:39.671178Z",146,50.415,"The Mirror","Negative","2026-04-26T16:18:39.671178Z"
126,"1",141,3,"Begum, who is now 19, wants to come home so her baby can be ' looked after' She appeared alongside Kimberley Miners, who was groomed by ISIS Aisleyne also pointed out that Shamima was ""brainwashed and groomed"", adding: ""We don't know if she's got blood on her hands."" ""This girl has lived there for four years and we don't know what she's been up to,"" Aisleyne said, ""We're push overs and if this girl does come back we will have to spend millions keeping an eye on her. ""It's too much money - we could put it back into the NHS."" Earlier today Macer Gifford, who flew to Syria to fight against the Islamic State, said on GMB she was an ""incredibly dangerous young woman"".","2026-04-26T16:11:07.163560Z",147,29.366,"The Mirror","Neutral","2026-04-26T16:11:07.163560Z"
60,"1",141,4,"Shamima Begum left the UK at just 15 for Syria with two mates However, a former Met Superintendent, an Islam convert captured by the Taliban and an ex-Guantanamo Bay defended the schoolgirl. Yvonne Ridley, who was captured by the Taliban in 2001 and converted to Islam, argued we were talking about a child who was ""groomed"". She said: ""She was a member of essentially a death cult. Goodness knows how many eyes are on her.","2026-04-26T15:31:40.701371Z",148,17.929,"The Mirror","Neutral","2026-04-26T15:31:40.701371Z"
50,"1",141,5,"She’s been brutalised by war. We don’t know what she’s gone through. We don’t know if she feels fearful. ""Apart from this catastrophic failure we’ve heard about from education and police we also have to recognise she could really help the intelligence services as well and what were the triggers that made her go.""","2026-04-26T15:26:49.951505Z",149,11.396,"The Mirror","Negative","2026-04-26T15:26:49.951505Z"
59,"1",149,1,"Shamima Begum now wants to come home ISIS bride Shamima Begum has dominated the headlines over the past few weeks as people passionately debate whether she should be allowed back into the UK. The 19-year-old, who gave birth to a baby boy earlier this month, left her east London home to move to Syria in 2015 when she was just 15, and has spent the last few years living in a refugee camp in the north of the country. Her story has led to many questions about how Shamima and her two friends were tempted to leave their entire lives behind to join ISIS. Jacinta Carroll, a researcher at Australian National University’s National Security College, has spoken about some of the techniques and methods used to persuade women.","2026-04-26T15:31:19.730108Z",150,62.774,"The Mirror","Negative","2026-04-26T15:31:19.730108Z"
18,"1",149,2,"While her research doesn't focus on Shamima's case in particular, it is a general overview of the techniques used on some occasions. She's been in Syria since 2015 Speaking on MamaMia 's podcast The Quicky , she said ISIS is very good at honing in on the natural desire all teens and youths have for justice. She believes that those who move over normally feel strongly about a particular issue and typically come from a family or group which feels there is some kind of injustice. She said: ""Most of us in our youth and teens and early 20s have a strong sense of social justice and trying to create a new world.","2026-04-26T13:23:34.072406Z",151,24.282,"The Mirror","Neutral","2026-04-26T13:23:34.072406Z"
96,"1",149,3,"Islamic State was very effective at capturing that, honing in on that and of course not leaving it at leading a protest at a school or university."" She claims that ISIS propaganda creates romanticised version of what life in Syria is like, suggesting woman will fall in love with a ""very honourable warrior"" and are treated as ""protected and respected"" princesses. Helen Powell, research fellow in the programme of extremism at George Washington University, was also on the podcas and said social media is used as a big tool in recruitment. She speaks about one particular profile of an Australian woman who defends the group's actions, answers questions about what they do and even offers to find users Jihadist husbands.","2026-04-26T15:51:54.156659Z",152,17.757,"The Mirror","Neutral","2026-04-26T15:51:54.156659Z"
